layer,max_bond_chi,fidelity_with_zero,circuit_depth,circuit_size
1.000000000000000000e+00,1.000000000000000000e+00,9.977474534073816903e-01,1.000000000000000000e+01,1.600000000000000000e+01
2.000000000000000000e+00,1.000000000000000000e+00,9.971466207814791982e-01,1.200000000000000000e+01,2.400000000000000000e+01
3.000000000000000000e+00,1.000000000000000000e+00,9.989093481114688089e-01,1.400000000000000000e+01,3.200000000000000000e+01
4.000000000000000000e+00,1.000000000000000000e+00,9.990144778740024378e-01,1.600000000000000000e+01,4.000000000000000000e+01
5.000000000000000000e+00,1.000000000000000000e+00,9.982489527690345810e-01,1.800000000000000000e+01,4.800000000000000000e+01
6.000000000000000000e+00,1.000000000000000000e+00,9.974923430591365880e-01,2.000000000000000000e+01,5.600000000000000000e+01
7.000000000000000000e+00,1.000000000000000000e+00,9.981547212618646636e-01,2.200000000000000000e+01,6.400000000000000000e+01
8.000000000000000000e+00,2.000000000000000000e+00,9.936325837449819787e-01,2.400000000000000000e+01,7.200000000000000000e+01
9.000000000000000000e+00,3.000000000000000000e+00,9.823742912696299401e-01,2.600000000000000000e+01,8.000000000000000000e+01
1.000000000000000000e+01,4.000000000000000000e+00,9.881817627379552160e-01,2.800000000000000000e+01,8.800000000000000000e+01
1.100000000000000000e+01,5.000000000000000000e+00,9.876838973507765518e-01,3.000000000000000000e+01,9.600000000000000000e+01
1.200000000000000000e+01,5.000000000000000000e+00,9.553020802693860114e-01,3.200000000000000000e+01,1.040000000000000000e+02
1.300000000000000000e+01,6.000000000000000000e+00,9.859471965272568195e-01,3.400000000000000000e+01,1.120000000000000000e+02
1.400000000000000000e+01,6.000000000000000000e+00,9.750216906431020680e-01,3.600000000000000000e+01,1.200000000000000000e+02
1.500000000000000000e+01,6.000000000000000000e+00,9.774510193650519652e-01,3.800000000000000000e+01,1.280000000000000000e+02
1.600000000000000000e+01,7.000000000000000000e+00,9.614261206232970203e-01,4.000000000000000000e+01,1.360000000000000000e+02
1.700000000000000000e+01,7.000000000000000000e+00,9.707110436697169442e-01,4.200000000000000000e+01,1.440000000000000000e+02
1.800000000000000000e+01,7.000000000000000000e+00,9.629353037445810282e-01,4.400000000000000000e+01,1.520000000000000000e+02
1.900000000000000000e+01,7.000000000000000000e+00,9.676325141998147750e-01,4.600000000000000000e+01,1.600000000000000000e+02
2.000000000000000000e+01,7.000000000000000000e+00,9.709331919430616020e-01,4.800000000000000000e+01,1.680000000000000000e+02
2.100000000000000000e+01,7.000000000000000000e+00,9.709577031391151136e-01,5.000000000000000000e+01,1.760000000000000000e+02
2.200000000000000000e+01,7.000000000000000000e+00,9.679838390841887241e-01,5.200000000000000000e+01,1.840000000000000000e+02
2.300000000000000000e+01,7.000000000000000000e+00,9.669032554253631506e-01,5.400000000000000000e+01,1.920000000000000000e+02
2.400000000000000000e+01,7.000000000000000000e+00,9.661109877068574381e-01,5.600000000000000000e+01,2.000000000000000000e+02
2.500000000000000000e+01,7.000000000000000000e+00,9.571067155771758594e-01,5.800000000000000000e+01,2.080000000000000000e+02
2.600000000000000000e+01,7.000000000000000000e+00,9.503625449097056199e-01,6.000000000000000000e+01,2.160000000000000000e+02
2.700000000000000000e+01,7.000000000000000000e+00,9.535314586961016747e-01,6.200000000000000000e+01,2.240000000000000000e+02
2.800000000000000000e+01,7.000000000000000000e+00,9.585182530842631943e-01,6.400000000000000000e+01,2.320000000000000000e+02
2.900000000000000000e+01,7.000000000000000000e+00,9.519748531307354877e-01,6.600000000000000000e+01,2.400000000000000000e+02
3.000000000000000000e+01,8.000000000000000000e+00,9.353277736445290147e-01,6.800000000000000000e+01,2.480000000000000000e+02
3.100000000000000000e+01,8.000000000000000000e+00,9.392083350351071447e-01,7.000000000000000000e+01,2.560000000000000000e+02
3.200000000000000000e+01,8.000000000000000000e+00,9.401242035174345313e-01,7.200000000000000000e+01,2.640000000000000000e+02
3.300000000000000000e+01,8.000000000000000000e+00,9.177269626701950456e-01,7.400000000000000000e+01,2.720000000000000000e+02
3.400000000000000000e+01,8.000000000000000000e+00,9.371280404157672494e-01,7.600000000000000000e+01,2.800000000000000000e+02
3.500000000000000000e+01,8.000000000000000000e+00,9.396783924805697241e-01,7.800000000000000000e+01,2.880000000000000000e+02
3.600000000000000000e+01,8.000000000000000000e+00,9.383288613438990344e-01,8.000000000000000000e+01,2.960000000000000000e+02
3.700000000000000000e+01,8.000000000000000000e+00,9.206488912750692144e-01,8.200000000000000000e+01,3.040000000000000000e+02
3.800000000000000000e+01,7.000000000000000000e+00,9.318581888959872606e-01,8.400000000000000000e+01,3.120000000000000000e+02
3.900000000000000000e+01,8.000000000000000000e+00,9.279940778101902765e-01,8.600000000000000000e+01,3.200000000000000000e+02
4.000000000000000000e+01,8.000000000000000000e+00,9.315258938797744692e-01,8.800000000000000000e+01,3.280000000000000000e+02
4.100000000000000000e+01,8.000000000000000000e+00,9.202385882056622890e-01,9.000000000000000000e+01,3.360000000000000000e+02
4.200000000000000000e+01,8.000000000000000000e+00,9.256081775220785790e-01,9.200000000000000000e+01,3.440000000000000000e+02
4.300000000000000000e+01,8.000000000000000000e+00,9.287703495283741173e-01,9.400000000000000000e+01,3.520000000000000000e+02
4.400000000000000000e+01,8.000000000000000000e+00,9.011664932174320297e-01,9.600000000000000000e+01,3.600000000000000000e+02
4.500000000000000000e+01,8.000000000000000000e+00,9.111849339076190102e-01,9.800000000000000000e+01,3.680000000000000000e+02
4.600000000000000000e+01,8.000000000000000000e+00,9.132381390760516693e-01,1.000000000000000000e+02,3.760000000000000000e+02
4.700000000000000000e+01,8.000000000000000000e+00,9.070203384713728667e-01,1.020000000000000000e+02,3.840000000000000000e+02
4.800000000000000000e+01,8.000000000000000000e+00,8.993357946990797602e-01,1.040000000000000000e+02,3.920000000000000000e+02
4.900000000000000000e+01,8.000000000000000000e+00,9.019347752424525799e-01,1.060000000000000000e+02,4.000000000000000000e+02
5.000000000000000000e+01,8.000000000000000000e+00,9.058434287571927035e-01,1.080000000000000000e+02,4.080000000000000000e+02
5.100000000000000000e+01,8.000000000000000000e+00,9.021696944749273417e-01,1.100000000000000000e+02,4.160000000000000000e+02
5.200000000000000000e+01,8.000000000000000000e+00,9.003318100703247007e-01,1.120000000000000000e+02,4.240000000000000000e+02
5.300000000000000000e+01,8.000000000000000000e+00,8.808004630780181810e-01,1.140000000000000000e+02,4.320000000000000000e+02
5.400000000000000000e+01,8.000000000000000000e+00,8.831679685211325515e-01,1.160000000000000000e+02,4.400000000000000000e+02
5.500000000000000000e+01,8.000000000000000000e+00,8.413124014769889358e-01,1.180000000000000000e+02,4.480000000000000000e+02
5.600000000000000000e+01,8.000000000000000000e+00,8.724506626852802649e-01,1.200000000000000000e+02,4.560000000000000000e+02
5.700000000000000000e+01,8.000000000000000000e+00,8.884297583196025805e-01,1.220000000000000000e+02,4.640000000000000000e+02
5.800000000000000000e+01,8.000000000000000000e+00,8.661217054536649584e-01,1.240000000000000000e+02,4.720000000000000000e+02
5.900000000000000000e+01,8.000000000000000000e+00,8.909567270804777950e-01,1.260000000000000000e+02,4.800000000000000000e+02
6.000000000000000000e+01,8.000000000000000000e+00,8.745920173415207000e-01,1.280000000000000000e+02,4.880000000000000000e+02
6.100000000000000000e+01,8.000000000000000000e+00,8.655997651674564031e-01,1.300000000000000000e+02,4.960000000000000000e+02
6.200000000000000000e+01,8.000000000000000000e+00,8.573647011525559192e-01,1.320000000000000000e+02,5.040000000000000000e+02
6.300000000000000000e+01,8.000000000000000000e+00,8.845603524927292405e-01,1.340000000000000000e+02,5.120000000000000000e+02
6.400000000000000000e+01,8.000000000000000000e+00,8.408261824087081004e-01,1.360000000000000000e+02,5.200000000000000000e+02
6.500000000000000000e+01,8.000000000000000000e+00,8.730952640667797304e-01,1.380000000000000000e+02,5.280000000000000000e+02
6.600000000000000000e+01,8.000000000000000000e+00,8.955492639677342659e-01,1.400000000000000000e+02,5.360000000000000000e+02
6.700000000000000000e+01,8.000000000000000000e+00,9.160593698657337747e-01,1.420000000000000000e+02,5.440000000000000000e+02
6.800000000000000000e+01,8.000000000000000000e+00,9.286094490643489463e-01,1.440000000000000000e+02,5.520000000000000000e+02
6.900000000000000000e+01,8.000000000000000000e+00,9.159397840084022580e-01,1.460000000000000000e+02,5.600000000000000000e+02
7.000000000000000000e+01,7.000000000000000000e+00,9.489396303635492247e-01,1.480000000000000000e+02,5.680000000000000000e+02
7.100000000000000000e+01,7.000000000000000000e+00,9.629569555518288082e-01,1.500000000000000000e+02,5.760000000000000000e+02
7.200000000000000000e+01,7.000000000000000000e+00,9.723471687244203965e-01,1.520000000000000000e+02,5.840000000000000000e+02
7.300000000000000000e+01,7.000000000000000000e+00,9.467949276284483018e-01,1.540000000000000000e+02,5.920000000000000000e+02
7.400000000000000000e+01,6.000000000000000000e+00,9.767222051753861045e-01,1.560000000000000000e+02,6.000000000000000000e+02
7.500000000000000000e+01,6.000000000000000000e+00,9.549623402164303387e-01,1.580000000000000000e+02,6.080000000000000000e+02
7.600000000000000000e+01,7.000000000000000000e+00,9.738501023141015178e-01,1.600000000000000000e+02,6.160000000000000000e+02
7.700000000000000000e+01,6.000000000000000000e+00,9.800094831441154009e-01,1.620000000000000000e+02,6.240000000000000000e+02
7.800000000000000000e+01,6.000000000000000000e+00,9.900669815146074804e-01,1.640000000000000000e+02,6.320000000000000000e+02
7.900000000000000000e+01,6.000000000000000000e+00,9.878575561162755703e-01,1.660000000000000000e+02,6.400000000000000000e+02
8.000000000000000000e+01,6.000000000000000000e+00,9.899920636072925273e-01,1.680000000000000000e+02,6.480000000000000000e+02
8.100000000000000000e+01,5.000000000000000000e+00,9.846160183056172910e-01,1.700000000000000000e+02,6.560000000000000000e+02
8.200000000000000000e+01,6.000000000000000000e+00,9.803020806358506700e-01,1.720000000000000000e+02,6.640000000000000000e+02
8.300000000000000000e+01,5.000000000000000000e+00,9.846576122565570133e-01,1.740000000000000000e+02,6.720000000000000000e+02
8.400000000000000000e+01,4.000000000000000000e+00,9.944381190123899872e-01,1.760000000000000000e+02,6.800000000000000000e+02
8.500000000000000000e+01,4.000000000000000000e+00,9.910121838603097588e-01,1.780000000000000000e+02,6.880000000000000000e+02
8.600000000000000000e+01,3.000000000000000000e+00,9.955522839623045517e-01,1.800000000000000000e+02,6.960000000000000000e+02
8.700000000000000000e+01,3.000000000000000000e+00,9.950922951165890318e-01,1.820000000000000000e+02,7.040000000000000000e+02
8.800000000000000000e+01,3.000000000000000000e+00,9.924586235838854797e-01,1.840000000000000000e+02,7.120000000000000000e+02
8.900000000000000000e+01,2.000000000000000000e+00,9.970957743465652667e-01,1.860000000000000000e+02,7.200000000000000000e+02
9.000000000000000000e+01,3.000000000000000000e+00,9.791963052931789147e-01,1.880000000000000000e+02,7.280000000000000000e+02
9.100000000000000000e+01,2.000000000000000000e+00,9.978625324772185667e-01,1.900000000000000000e+02,7.360000000000000000e+02
9.200000000000000000e+01,2.000000000000000000e+00,9.902078105332910996e-01,1.920000000000000000e+02,7.440000000000000000e+02
9.300000000000000000e+01,1.000000000000000000e+00,9.981217600905885057e-01,1.940000000000000000e+02,7.520000000000000000e+02
9.400000000000000000e+01,2.000000000000000000e+00,9.864753576835382232e-01,1.960000000000000000e+02,7.600000000000000000e+02
9.500000000000000000e+01,1.000000000000000000e+00,9.986618856966607005e-01,1.980000000000000000e+02,7.680000000000000000e+02
9.600000000000000000e+01,2.000000000000000000e+00,9.977239065392398132e-01,2.000000000000000000e+02,7.760000000000000000e+02
9.700000000000000000e+01,1.000000000000000000e+00,9.988778965991939041e-01,2.020000000000000000e+02,7.840000000000000000e+02
9.800000000000000000e+01,1.000000000000000000e+00,9.969081886643874624e-01,2.040000000000000000e+02,7.920000000000000000e+02
9.900000000000000000e+01,2.000000000000000000e+00,9.913938469854580715e-01,2.060000000000000000e+02,8.000000000000000000e+02
1.000000000000000000e+02,1.000000000000000000e+00,9.992359288099165182e-01,2.080000000000000000e+02,8.080000000000000000e+02
