layer,chi_s1,chi_s2,chi_s3,chi_s4,chi_s5,chi_s6,chi_s7,chi_s8,chi_s9,chi_s10,chi_s11,chi_s12,chi_s13,chi_s14,chi_s15,chi_s16,target_s1,target_s2,target_s3,target_s4,target_s5,target_s6,target_s7,target_s8,target_s9,target_s10,target_s11,target_s12,target_s13,target_s14,target_s15,target_s16
0.000000000000000000e+00,9.994063849184496862e-01,5.734943474696701377e-04,1.895933228395304781e-05,1.039519165302835159e-06,6.573051059056378919e-08,5.477707206749851821e-08,1.098700603671529580e-09,1.951076575337815591e-10,6.492017154103653933e-11,1.156348911942754951e-11,4.119709989807587143e-12,6.354380760145667743e-13,1.026127933501963740e-15,8.079793607368520782e-16,0.000000000000000000e+00,0.000000000000000000e+00,9.919614536520620085e-01,8.012467651340610467e-03,2.602467146754233485e-05,5.394317395546593708e-08,8.185929407991392720e-11,9.631227206843290398e-14,0.000000000000000000e+00,0.000000000000000000e+00,0.000000000000000000e+00,0.000000000000000000e+00,0.000000000000000000e+00,0.000000000000000000e+00,0.000000000000000000e+00,0.000000000000000000e+00,0.000000000000000000e+00,0.000000000000000000e+00
1.000000000000000000e+00,9.986664763557004942e-01,9.921665248331702509e-04,3.331661386834223592e-04,7.121719533495102148e-06,8.014657036177760350e-07,2.413690619592121695e-07,2.099864846062160744e-08,3.885535399228973357e-09,7.610983604659543778e-10,3.291580001374521496e-10,2.375129703569428432e-10,1.176933337603453377e-10,5.768371643250177576e-11,1.987289630156056322e-11,1.389130577192675754e-11,5.388213162055310376e-12,9.919614536520620085e-01,8.012467651340610467e-03,2.602467146754233485e-05,5.394317395546593708e-08,8.185929407991392720e-11,9.631227206843290398e-14,0.000000000000000000e+00,0.000000000000000000e+00,0.000000000000000000e+00,0.000000000000000000e+00,0.000000000000000000e+00,0.000000000000000000e+00,0.000000000000000000e+00,0.000000000000000000e+00,0.000000000000000000e+00,0.000000000000000000e+00
2.000000000000000000e+00,9.991832503891555639e-01,6.340396387084110087e-04,1.715272951074044280e-04,9.859777432617123117e-06,8.682471070750827972e-07,2.628381081115853764e-07,1.417455699896037883e-07,2.303369386815501518e-08,1.709553326788995851e-08,8.824586959452518236e-09,7.062092313513964689e-10,2.312727665684730004e-10,9.733829932427673695e-11,4.421466467402266714e-11,2.763673619078931223e-11,8.326155079870686349e-12,9.919614536520620085e-01,8.012467651340610467e-03,2.602467146754233485e-05,5.394317395546593708e-08,8.185929407991392720e-11,9.631227206843290398e-14,0.000000000000000000e+00,0.000000000000000000e+00,0.000000000000000000e+00,0.000000000000000000e+00,0.000000000000000000e+00,0.000000000000000000e+00,0.000000000000000000e+00,0.000000000000000000e+00,0.000000000000000000e+00,0.000000000000000000e+00
3.000000000000000000e+00,9.978813927951365459e-01,1.613022337468105307e-03,3.675645981603128053e-04,1.271054076323125314e-04,7.179833155748997725e-06,3.015737554974109328e-06,4.677128311025049062e-07,1.393248796086774752e-07,4.405349213134786601e-08,3.971076403999697013e-08,1.227966034295195121e-08,8.627627526504377200e-09,4.012594771751843268e-09,2.187053547284432746e-09,9.973839378798485099e-10,3.846058588819711471e-10,9.919614536520620085e-01,8.012467651340610467e-03,2.602467146754233485e-05,5.394317395546593708e-08,8.185929407991392720e-11,9.631227206843290398e-14,0.000000000000000000e+00,0.000000000000000000e+00,0.000000000000000000e+00,0.000000000000000000e+00,0.000000000000000000e+00,0.000000000000000000e+00,0.000000000000000000e+00,0.000000000000000000e+00,0.000000000000000000e+00,0.000000000000000000e+00
4.000000000000000000e+00,9.951468372509373328e-01,4.339374147394020609e-03,3.266266659314225268e-04,8.644509577391867915e-05,7.109516999953552222e-05,2.244181251218231249e-05,5.889895176153970689e-06,8.026474542057466651e-07,3.046622816765256837e-07,7.639209009196793465e-08,5.702652363159001309e-08,1.828795713764229565e-08,1.447822008130365652e-08,8.412813489000574806e-09,6.223348787982434736e-09,1.831585728782076723e-09,9.919614536520620085e-01,8.012467651340610467e-03,2.602467146754233485e-05,5.394317395546593708e-08,8.185929407991392720e-11,9.631227206843290398e-14,0.000000000000000000e+00,0.000000000000000000e+00,0.000000000000000000e+00,0.000000000000000000e+00,0.000000000000000000e+00,0.000000000000000000e+00,0.000000000000000000e+00,0.000000000000000000e+00,0.000000000000000000e+00,0.000000000000000000e+00
5.000000000000000000e+00,9.611349318944950593e-01,3.617944009642868469e-02,1.746321603901095261e-03,7.800326200683706203e-04,1.224437221407204243e-04,2.434819829573087375e-05,6.947741237985781995e-06,5.016721430514600247e-06,2.541643470836227323e-07,1.576765333554713686e-07,4.315112708325549491e-08,3.088714074344306330e-08,1.301334834477961997e-08,9.961443941333586434e-09,4.785016633571929839e-09,3.763046237702741128e-09,9.919614536520620085e-01,8.012467651340610467e-03,2.602467146754233485e-05,5.394317395546593708e-08,8.185929407991392720e-11,9.631227206843290398e-14,0.000000000000000000e+00,0.000000000000000000e+00,0.000000000000000000e+00,0.000000000000000000e+00,0.000000000000000000e+00,0.000000000000000000e+00,0.000000000000000000e+00,0.000000000000000000e+00,0.000000000000000000e+00,0.000000000000000000e+00
6.000000000000000000e+00,9.711797866080004171e-01,2.012540094627120191e-02,5.174846902627977877e-03,3.178037942288936858e-03,2.040267802133189203e-04,9.997766460977187465e-05,2.635465939619935423e-05,1.089232151298530937e-05,4.012025405971730194e-07,1.168968264646490903e-07,6.772543838971556426e-08,4.538293859473201135e-08,2.175758457915586444e-08,1.074410901587759467e-08,9.456979270202714263e-09,3.008663264818660292e-09,9.919614536520620085e-01,8.012467651340610467e-03,2.602467146754233485e-05,5.394317395546593708e-08,8.185929407991392720e-11,9.631227206843290398e-14,0.000000000000000000e+00,0.000000000000000000e+00,0.000000000000000000e+00,0.000000000000000000e+00,0.000000000000000000e+00,0.000000000000000000e+00,0.000000000000000000e+00,0.000000000000000000e+00,0.000000000000000000e+00,0.000000000000000000e+00
7.000000000000000000e+00,9.770466299339386484e-01,1.185350618070525087e-02,7.074860096199127313e-03,1.699898990280135488e-03,1.321144118655253165e-03,4.883596406210914979e-04,3.782045611585149324e-04,1.369152888210458958e-04,2.495306303645235346e-07,9.033916073625882267e-08,4.781337885009991537e-08,3.428128431206168698e-08,2.671062667552824064e-08,1.366747807772481963e-08,1.301854140166513777e-08,5.828522407935986917e-09,9.919614536520620085e-01,8.012467651340610467e-03,2.602467146754233485e-05,5.394317395546593708e-08,8.185929407991392720e-11,9.631227206843290398e-14,0.000000000000000000e+00,0.000000000000000000e+00,0.000000000000000000e+00,0.000000000000000000e+00,0.000000000000000000e+00,0.000000000000000000e+00,0.000000000000000000e+00,0.000000000000000000e+00,0.000000000000000000e+00,0.000000000000000000e+00
8.000000000000000000e+00,9.796842629768700572e-01,1.141560727685069464e-02,5.330103316092653885e-03,1.326958037804705590e-03,1.268811894273650254e-03,4.814908962660860328e-04,3.938085688175352230e-04,9.836806722876180052e-05,2.397069651577724554e-07,1.348029355732968815e-07,9.342806020225586436e-08,4.783881018348349096e-08,3.466311853498963121e-08,1.704826344159656657e-08,1.374388896366731239e-08,7.733754926311329440e-09,9.919614536520620085e-01,8.012467651340610467e-03,2.602467146754233485e-05,5.394317395546593708e-08,8.185929407991392720e-11,9.631227206843290398e-14,0.000000000000000000e+00,0.000000000000000000e+00,0.000000000000000000e+00,0.000000000000000000e+00,0.000000000000000000e+00,0.000000000000000000e+00,0.000000000000000000e+00,0.000000000000000000e+00,0.000000000000000000e+00,0.000000000000000000e+00
9.000000000000000000e+00,9.729451028629123588e-01,1.490976366785975483e-02,4.372942256288615652e-03,3.420754807670398252e-03,2.161342514727650817e-03,1.534894479583147255e-03,4.224702445803284689e-04,2.322500204626621440e-04,1.985991439908680154e-07,8.710618393029320359e-08,6.472018653129019256e-08,4.935376610561103706e-08,2.869895332163111491e-08,2.605179276729157202e-08,1.454760578824922678e-08,1.006828479861256601e-08,9.919614536520620085e-01,8.012467651340610467e-03,2.602467146754233485e-05,5.394317395546593708e-08,8.185929407991392720e-11,9.631227206843290398e-14,0.000000000000000000e+00,0.000000000000000000e+00,0.000000000000000000e+00,0.000000000000000000e+00,0.000000000000000000e+00,0.000000000000000000e+00,0.000000000000000000e+00,0.000000000000000000e+00,0.000000000000000000e+00,0.000000000000000000e+00
1.000000000000000000e+01,9.714796928845604862e-01,1.114414725049622627e-02,6.982092904319919802e-03,4.681574721785845480e-03,2.438812876848588801e-03,1.533385367065969590e-03,1.161780063666093292e-03,5.780343993464448580e-04,1.828917851531882727e-07,7.484913558424997255e-08,6.692419888835658896e-08,6.037173350688450410e-08,3.948079129560684635e-08,2.570651347210547982e-08,2.011704416827054113e-08,9.190710434099709828e-09,9.919614536520620085e-01,8.012467651340610467e-03,2.602467146754233485e-05,5.394317395546593708e-08,8.185929407991392720e-11,9.631227206843290398e-14,0.000000000000000000e+00,0.000000000000000000e+00,0.000000000000000000e+00,0.000000000000000000e+00,0.000000000000000000e+00,0.000000000000000000e+00,0.000000000000000000e+00,0.000000000000000000e+00,0.000000000000000000e+00,0.000000000000000000e+00
1.100000000000000000e+01,9.722484767343451129e-01,1.132279527646962332e-02,6.896828828244780732e-03,3.234036591928009241e-03,2.348618632961119949e-03,2.289399981738546915e-03,9.651892261673172737e-04,6.942865320850169020e-04,8.826100541295798653e-08,6.388010276867420693e-08,5.896365395457517814e-08,4.881246303550583374e-08,4.043162147390150980e-08,3.004813680512993864e-08,2.228332142043335460e-08,1.551575774334204589e-08,9.919614536520620085e-01,8.012467651340610467e-03,2.602467146754233485e-05,5.394317395546593708e-08,8.185929407991392720e-11,9.631227206843290398e-14,0.000000000000000000e+00,0.000000000000000000e+00,0.000000000000000000e+00,0.000000000000000000e+00,0.000000000000000000e+00,0.000000000000000000e+00,0.000000000000000000e+00,0.000000000000000000e+00,0.000000000000000000e+00,0.000000000000000000e+00
1.200000000000000000e+01,9.702976142063972631e-01,9.823313340683382730e-03,7.354201050926228826e-03,4.947249834947449638e-03,3.613725684506561165e-03,2.370589043974068513e-03,9.636135023494096742e-04,6.292677877266165520e-04,9.909036758904528380e-08,8.284156492494028645e-08,6.064948048872974882e-08,5.320847167174645723e-08,4.686405067936542036e-08,3.503640407661844459e-08,2.723522185538705090e-08,2.062292577939707659e-08,9.919614536520620085e-01,8.012467651340610467e-03,2.602467146754233485e-05,5.394317395546593708e-08,8.185929407991392720e-11,9.631227206843290398e-14,0.000000000000000000e+00,0.000000000000000000e+00,0.000000000000000000e+00,0.000000000000000000e+00,0.000000000000000000e+00,0.000000000000000000e+00,0.000000000000000000e+00,0.000000000000000000e+00,0.000000000000000000e+00,0.000000000000000000e+00
1.300000000000000000e+01,9.624867441152276104e-01,1.331024326860844910e-02,7.776766070548629499e-03,6.102557360544807324e-03,4.321468447703000725e-03,2.710183827522773519e-03,2.236651847823786527e-03,1.054960096071393865e-03,1.203048462157496561e-07,7.653855539526164662e-08,5.933269733954290971e-08,4.989715880165597362e-08,4.446770920406150792e-08,3.703799951230530624e-08,1.941351093005118273e-08,1.797347330403777813e-08,9.919614536520620085e-01,8.012467651340610467e-03,2.602467146754233485e-05,5.394317395546593708e-08,8.185929407991392720e-11,9.631227206843290398e-14,0.000000000000000000e+00,0.000000000000000000e+00,0.000000000000000000e+00,0.000000000000000000e+00,0.000000000000000000e+00,0.000000000000000000e+00,0.000000000000000000e+00,0.000000000000000000e+00,0.000000000000000000e+00,0.000000000000000000e+00
1.400000000000000000e+01,9.619671300209706732e-01,9.981731507528492087e-03,7.958823509117377015e-03,5.557347548274833328e-03,4.554737678539640816e-03,4.154516513745657585e-03,3.747299134839396535e-03,2.078044096878715798e-03,1.072588380923467372e-07,6.729530415669626355e-08,5.227092484671157859e-08,4.707725470898585366e-08,3.922733241068113630e-08,2.791302206823111475e-08,1.741379963424930269e-08,1.153363026536369172e-08,9.919614536520620085e-01,8.012467651340610467e-03,2.602467146754233485e-05,5.394317395546593708e-08,8.185929407991392720e-11,9.631227206843290398e-14,0.000000000000000000e+00,0.000000000000000000e+00,0.000000000000000000e+00,0.000000000000000000e+00,0.000000000000000000e+00,0.000000000000000000e+00,0.000000000000000000e+00,0.000000000000000000e+00,0.000000000000000000e+00,0.000000000000000000e+00
1.500000000000000000e+01,9.640830846515573427e-01,9.883778206484778242e-03,7.323790997213691992e-03,5.810379487942102586e-03,4.019077109483016642e-03,3.430214668374910979e-03,3.286005187254904120e-03,2.163346385911405715e-03,9.016716139383234068e-08,7.175113376971692906e-08,4.923949564866314219e-08,3.655603792899029529e-08,2.938090265403039758e-08,2.129881847018746547e-08,1.763546665262516962e-08,7.276762887525626775e-09,9.919614536520620085e-01,8.012467651340610467e-03,2.602467146754233485e-05,5.394317395546593708e-08,8.185929407991392720e-11,9.631227206843290398e-14,0.000000000000000000e+00,0.000000000000000000e+00,0.000000000000000000e+00,0.000000000000000000e+00,0.000000000000000000e+00,0.000000000000000000e+00,0.000000000000000000e+00,0.000000000000000000e+00,0.000000000000000000e+00,0.000000000000000000e+00
1.600000000000000000e+01,9.474242033391616635e-01,2.093427446047592053e-02,8.259999880164382857e-03,7.535991433772545357e-03,6.564550715114273946e-03,4.276629876947078863e-03,3.582103686545120343e-03,1.421927183325341799e-03,8.078893712030232208e-08,7.292261531048634932e-08,4.646200996774138477e-08,3.800427388619070969e-08,3.141198232771208208e-08,2.629228898886063754e-08,1.265475250304381986e-08,1.088763289273181383e-08,9.919614536520620085e-01,8.012467651340610467e-03,2.602467146754233485e-05,5.394317395546593708e-08,8.185929407991392720e-11,9.631227206843290398e-14,0.000000000000000000e+00,0.000000000000000000e+00,0.000000000000000000e+00,0.000000000000000000e+00,0.000000000000000000e+00,0.000000000000000000e+00,0.000000000000000000e+00,0.000000000000000000e+00,0.000000000000000000e+00,0.000000000000000000e+00
1.700000000000000000e+01,9.491016468509047010e-01,1.825979218768773379e-02,9.708029931455343375e-03,6.335576859536526904e-03,5.939049820557518698e-03,4.883360866188971895e-03,3.764497991475210421e-03,2.007764567838426443e-03,7.212831691680673428e-08,5.186449541953222523e-08,4.193414826998190950e-08,3.395938720643083715e-08,2.811862906549198469e-08,2.538303399879468598e-08,1.919421517046861200e-08,8.342129633112611807e-09,9.919614536520620085e-01,8.012467651340610467e-03,2.602467146754233485e-05,5.394317395546593708e-08,8.185929407991392720e-11,9.631227206843290398e-14,0.000000000000000000e+00,0.000000000000000000e+00,0.000000000000000000e+00,0.000000000000000000e+00,0.000000000000000000e+00,0.000000000000000000e+00,0.000000000000000000e+00,0.000000000000000000e+00,0.000000000000000000e+00,0.000000000000000000e+00
1.800000000000000000e+01,9.409294369478445885e-01,1.792490268247891663e-02,1.317033416301558249e-02,8.426089497734011446e-03,6.933430827883257583e-03,6.055649966706597338e-03,3.599849998142368255e-03,2.960040893490036452e-03,6.555796299357019466e-08,5.359692625072096128e-08,4.414240543655405028e-08,2.988415824190789367e-08,2.649753752808077993e-08,1.947487097443673020e-08,1.705475763033621866e-08,8.814087868207156264e-09,9.919614536520620085e-01,8.012467651340610467e-03,2.602467146754233485e-05,5.394317395546593708e-08,8.185929407991392720e-11,9.631227206843290398e-14,0.000000000000000000e+00,0.000000000000000000e+00,0.000000000000000000e+00,0.000000000000000000e+00,0.000000000000000000e+00,0.000000000000000000e+00,0.000000000000000000e+00,0.000000000000000000e+00,0.000000000000000000e+00,0.000000000000000000e+00
1.900000000000000000e+01,9.426776336130314737e-01,1.983040655424208112e-02,1.092514534520551417e-02,8.083937504597529800e-03,7.073416484530884070e-03,5.413152988926312435e-03,3.443698688502983603e-03,2.552371362019370971e-03,6.098066035894993740e-08,4.740210689696260525e-08,3.696868749853342500e-08,3.160477124780331417e-08,2.494675028618563689e-08,1.673613713925303290e-08,1.332164782472471836e-08,5.498182823333660168e-09,9.919614536520620085e-01,8.012467651340610467e-03,2.602467146754233485e-05,5.394317395546593708e-08,8.185929407991392720e-11,9.631227206843290398e-14,0.000000000000000000e+00,0.000000000000000000e+00,0.000000000000000000e+00,0.000000000000000000e+00,0.000000000000000000e+00,0.000000000000000000e+00,0.000000000000000000e+00,0.000000000000000000e+00,0.000000000000000000e+00,0.000000000000000000e+00
2.000000000000000000e+01,9.413697725133775007e-01,1.709377991450327164e-02,1.462191942488784598e-02,7.702307569844944052e-03,6.402265493939372776e-03,5.035003494618122202e-03,4.723302689390380255e-03,3.051397292141385699e-03,6.760415001120431614e-08,4.304151054358216821e-08,4.033769471863500997e-08,3.854488043848470404e-08,2.062605239182377859e-08,1.841573431620355559e-08,1.580976255604544640e-08,7.227513096199371180e-09,9.919614536520620085e-01,8.012467651340610467e-03,2.602467146754233485e-05,5.394317395546593708e-08,8.185929407991392720e-11,9.631227206843290398e-14,0.000000000000000000e+00,0.000000000000000000e+00,0.000000000000000000e+00,0.000000000000000000e+00,0.000000000000000000e+00,0.000000000000000000e+00,0.000000000000000000e+00,0.000000000000000000e+00,0.000000000000000000e+00,0.000000000000000000e+00
